{"InspectionDate":"23.02.2022","InspectionPlace":"Tokmak","InspectionClient":"Prometey","InspectorName":"Alex","Piles":[{"Name":"6","dx1":21.76,"dy1":18.02,"dh1":0.6,"dx2":17.82,"dy2":18.02,"dh2":3.06,"ux":11.03,"uy":2.84,"V1":235.26912,"V2":461.79106975750625,"V":697.0601897575062,"M":515.8245404205546,"Natura":740,"UdPogrV":1.3513513513513513},{"Name":"6","dx1":21.76,"dy1":18.02,"dh1":0.6,"dx2":17.82,"dy2":18.02,"dh2":3.06,"ux":11.03,"uy":2.84,"V1":235.26912,"V2":461.79106975750625,"V":697.0601897575062,"M":515.8245404205546,"Natura":740,"UdPogrV":1.3513513513513513}]}